Post Number,Post ID,Date,Time,Location,Hashtags,Description,Post Type,URL
1,3175698826014529156,23/08/2023,12:18:50,N/A,"travelreels, wanderlust, vacations, kimadi, dehradoon, uttarakhand, levis",#travelreels #wanderlust #vacations #kimadi #dehradoon #uttarakhand #levis,GraphVideo,https://instagram.fdel45-1.fna.fbcdn.net/v/t51.2885-15/369554336_844599907369821_4441587913576945225_n.jpg?stp=dst-jpg_e15_tt6&efg=eyJ2ZW5jb2RlX3RhZyI6ImltYWdlX3VybGdlbi4xMjQyeDIyMDguc2RyLmYzNjMyOS5kZWZhdWx0X2NvdmVyX2ZyYW1lIn0&_nc_ht=instagram.fdel45-1.fna.fbcdn.net&_nc_cat=109&_nc_ohc=hdvVXFUHxTMQ7kNvgG0oXZm&_nc_gid=c25a31c071874b1b953f5972efd78129&edm=AEhyXUkBAAAA&ccb=7-5&ig_cache_key=MzE3NTY5ODgyNjAxNDUyOTE1NjE1NTA0NTE4OTIxNTM5NDE%3D.3-ccb7-5&oh=00_AYB594meIRU2t07TGXqhTft9PYcs1x8kS-OLwS4e_qCuSQ&oe=678E6CC0&_nc_sid=8f1549
2,3174854981314861267,22/08/2023,08:26:51,N/A,"cousins, cousinsquad, couplegoals, cousingoals, familytrip, familygoals, familia, monsoondiaries, monsoongetaway, mussoriediaries, mussorie, explorepage, explore, viralreels, viralvideos, comedy, comedyreels, trending, trendingreels, viral, instagood, instadaily","Cousins itne ho ki 4 log bole, Zilla ghoshit kar do bhai ü©∑‚ù§Ô∏èüß°üíõü©µ
.
.
.
#cousins #cousinsquad #couplegoals #cousingoals #familytrip #familygoals #familia #monsoondiaries #monsoongetaway #mussoriediaries #mussorie #explorepage #explore #viralreels #viralvideos #comedy #comedyreels #trending #trendingreels #viral #instagood #instadaily",GraphVideo,https://instagram.fdel45-1.fna.fbcdn.net/v/t51.2885-15/369986373_857477319069641_3600025722024573765_n.jpg?stp=dst-jpg_e15_tt6&efg=eyJ2ZW5jb2RlX3RhZyI6ImltYWdlX3VybGdlbi43MjB4MTI4MC5zZHIuZjM2MzI5LmRlZmF1bHRfY292ZXJfZnJhbWUifQ&_nc_ht=instagram.fdel45-1.fna.fbcdn.net&_nc_cat=105&_nc_ohc=aALHV-4RXNUQ7kNvgFzdr9y&_nc_gid=c25a31c071874b1b953f5972efd78129&edm=AEhyXUkBAAAA&ccb=7-5&ig_cache_key=MzE3NDg1NDk4MTMxNDg2MTI2Nzc2NzAzMTA3ODUzMDg3NA%3D%3D.3-ccb7-5&oh=00_AYDgDVgIc7PP4oKCxDUBtqsTuwwrH9NaRjiPJDjAf-FNAQ&oe=678E6F79&_nc_sid=8f1549
3,3078813326143608076,11/04/2023,20:07:23,N/A,"travelreels, family, boys, mountains, wanderlust, goexplore, reels, adventureseeker, vacation, himachal, kasauli, himachaltourism",#travelreels #family #boys #mountains#wanderlust #goexplore #reels #adventureseeker #vacation #himachal #kasauli #himachaltourism,GraphVideo,https://instagram.fdel45-1.fna.fbcdn.net/v/t51.2885-15/340497946_1417088229052218_5772060718151801775_n.jpg?stp=dst-jpg_e15_tt6&efg=eyJ2ZW5jb2RlX3RhZyI6ImltYWdlX3VybGdlbi43MjB4MTI4MC5zZHIuZjM2MzI5LmRlZmF1bHRfY292ZXJfZnJhbWUifQ&_nc_ht=instagram.fdel45-1.fna.fbcdn.net&_nc_cat=106&_nc_ohc=-zs0jKODIGwQ7kNvgEuJMB3&_nc_gid=c25a31c071874b1b953f5972efd78129&edm=AEhyXUkBAAAA&ccb=7-5&ig_cache_key=MzA3ODgxMzMyNjE0MzYwODA3Ng%3D%3D.3-ccb7-5&oh=00_AYAmns6N-kp-ZsDzGt8eK0eFTYBa4jw2mqa6ixLSzWOIbA&oe=678E5213&_nc_sid=8f1549
4,3078771115577718119,11/04/2023,18:35:39,N/A,"kasauli, mountains, travelphotography",#kasauli #mountains #travelphotography,GraphImage,https://instagram.fdel45-1.fna.fbcdn.net/v/t51.29350-15/340666409_1354143045426495_4713580371530688480_n.jpg?stp=dst-jpg_e35_tt6&efg=eyJ2ZW5jb2RlX3RhZyI6ImltYWdlX3VybGdlbi4xNDQweDE4MDAuc2RyLmYyOTM1MC5kZWZhdWx0X2ltYWdlIn0&_nc_ht=instagram.fdel45-1.fna.fbcdn.net&_nc_cat=103&_nc_ohc=RKPrjluD0pMQ7kNvgEhnzL2&_nc_gid=c25a31c071874b1b953f5972efd78129&edm=AEhyXUkBAAAA&ccb=7-5&ig_cache_key=MzA3ODc3MTExNTU3NzcxODExOQ%3D%3D.3-ccb7-5&oh=00_AYA_ptXht1DA6tqNJ9-tEG8LVShB2ptrftoIyYRQ5YIfsw&oe=678E7F27&_nc_sid=8f1549
5,3077614302423989406,10/04/2023,04:18:16,N/A,N/A,N/A,GraphVideo,https://instagram.fdel45-1.fna.fbcdn.net/v/t51.2885-15/340798863_1285158492357521_479882296177021638_n.jpg?stp=dst-jpg_e15_tt6&efg=eyJ2ZW5jb2RlX3RhZyI6ImltYWdlX3VybGdlbi43MjB4MTI4MC5zZHIuZjM2MzI5LmRlZmF1bHRfY292ZXJfZnJhbWUifQ&_nc_ht=instagram.fdel45-1.fna.fbcdn.net&_nc_cat=105&_nc_ohc=JK5EuTn6pDYQ7kNvgHapAne&_nc_gid=c25a31c071874b1b953f5972efd78129&edm=AEhyXUkBAAAA&ccb=7-5&ig_cache_key=MzA3NzYxNDMwMjQyMzk4OTQwNg%3D%3D.3-ccb7-5&oh=00_AYBJc_xSNDAr-ArSOflwXzCOW_SImdj1OYQ4kdHWOTqAyA&oe=678E649A&_nc_sid=8f1549
6,3077355641824975122,09/04/2023,19:45:17,N/A,N/A,üçÅ‚ú®,GraphVideo,https://instagram.fdel45-1.fna.fbcdn.net/v/t51.2885-15/340307544_241083521815527_8634947144587190383_n.jpg?stp=dst-jpg_e15_tt6&efg=eyJ2ZW5jb2RlX3RhZyI6ImltYWdlX3VybGdlbi43NTB4MTMzMy5zZHIuZjM2MzI5LmRlZmF1bHRfY292ZXJfZnJhbWUifQ&_nc_ht=instagram.fdel45-1.fna.fbcdn.net&_nc_cat=103&_nc_ohc=KG13Ww-Sp-sQ7kNvgGrjGHZ&_nc_gid=c25a31c071874b1b953f5972efd78129&edm=AEhyXUkBAAAA&ccb=7-5&ig_cache_key=MzA3NzM1NTY0MTgyNDk3NTEyMg%3D%3D.3-ccb7-5&oh=00_AYDryzmjyOZ6SHHLFSrJA1sIJ2QSisYXzUwvF8blWFuhhQ&oe=678E5D94&_nc_sid=8f1549
7,3017697528379776343,17/01/2023,12:13:20,N/A,"formals, suits, mensfashion, trending","MAKE IT SIMPLEü•Ä, BUT. SIGNIFICANT‚ú® #formals #suits #mensfashion #trending",GraphSidecar,https://instagram.fdel45-1.fna.fbcdn.net/v/t51.29350-15/325586993_436460835273568_3885732135789265155_n.jpg?stp=dst-jpg_e35_tt6&_nc_ht=instagram.fdel45-1.fna.fbcdn.net&_nc_cat=104&_nc_ohc=B61FTdON5QEQ7kNvgHNzq8G&_nc_gid=c25a31c071874b1b953f5972efd78129&edm=AEhyXUkBAAAA&ccb=7-5&ig_cache_key=MzAxNzY5NzUyMjg2MDAxMzk1Mg%3D%3D.3-ccb7-5&oh=00_AYBocfRxL8wzxJ2QhBGRdJZxstSPSsXha_hN-3d6yPmFew&oe=678E6903&_nc_sid=8f1549
8,2974896083154880235,19/11/2022,11:18:35,N/A,"new, 360, trend, outfit, vibes, moustaches, events, formals, raymond, armaniexchangewatch",#new #360 #trend #outfit #vibes #moustaches #events #formals #raymond #armaniexchangewatch,GraphVideo,https://instagram.fdel45-1.fna.fbcdn.net/v/t51.2885-15/315980878_205488961849356_5967759921965433533_n.jpg?stp=dst-jpg_e15_tt6&efg=eyJ2ZW5jb2RlX3RhZyI6ImltYWdlX3VybGdlbi43MjB4MTI4MC5zZHIuZjM2MzI5LmRlZmF1bHRfY292ZXJfZnJhbWUifQ&_nc_ht=instagram.fdel45-1.fna.fbcdn.net&_nc_cat=100&_nc_ohc=rEPwzqkh078Q7kNvgG1kDtq&_nc_gid=c25a31c071874b1b953f5972efd78129&edm=AEhyXUkBAAAA&ccb=7-5&ig_cache_key=Mjk3NDg5NjA4MzE1NDg4MDIzNQ%3D%3D.3-ccb7-5&oh=00_AYCHBvfhCKFDhNPT7VkeVU1QDpWGsqOyoENRF6YmoNJQPQ&oe=678E6782&_nc_sid=8f1549
9,2950370516758146073,16/10/2022,14:47:24,N/A,N/A,Weekend getaway‚ö°Ô∏è,GraphVideo,https://instagram.fdel45-1.fna.fbcdn.net/v/t51.2885-15/311617045_197087739383480_1500508222724596535_n.jpg?stp=dst-jpg_e15_tt6&efg=eyJ2ZW5jb2RlX3RhZyI6ImltYWdlX3VybGdlbi42NTZ4MTE2Ni5zZHIuZjM2MzI5LmRlZmF1bHRfY292ZXJfZnJhbWUifQ&_nc_ht=instagram.fdel45-1.fna.fbcdn.net&_nc_cat=108&_nc_ohc=AunD94GtQEAQ7kNvgHwPxWd&_nc_gid=c25a31c071874b1b953f5972efd78129&edm=AEhyXUkBAAAA&ccb=7-5&ig_cache_key=Mjk1MDM3MDUxNjc1ODE0NjA3Mw%3D%3D.3-ccb7-5&oh=00_AYCzObFvmK-RM_CSuRIHhzxf24mehmyUUZmq2W5woaAZqw&oe=678E6EB1&_nc_sid=8f1549
10,2906338882503545104,16/08/2022,20:43:35,N/A,"haridwar, devbhoomi, uttarakhand, chila, travel, vlog, vlogger, naturephotography, nature, redtape, armani, ganga","Call it a curse, or just call me blessed, if you can't handle my worst, you ain't getting my best !!! #haridwar #devbhoomi #uttarakhand #chila #travel #vlog #vlogger #naturephotography #nature #redtape #armani #ganga",GraphSidecar,https://instagram.fdel45-1.fna.fbcdn.net/v/t51.29350-15/300223996_596493161880068_3772064616627822574_n.jpg?stp=dst-jpg_e35_tt6&_nc_ht=instagram.fdel45-1.fna.fbcdn.net&_nc_cat=108&_nc_ohc=fEhOdugnvHgQ7kNvgHh9uTp&_nc_gid=c25a31c071874b1b953f5972efd78129&edm=AEhyXUkBAAAA&ccb=7-5&ig_cache_key=MjkwNjMzODg3NzY1NDkxNDY5Mw%3D%3D.3-ccb7-5&oh=00_AYCcPFA-noSf_-xnq7s_GqXzW_9QFtEFuB1NpL9Eeyldyg&oe=678E65EC&_nc_sid=8f1549
11,2876459308367962786,06/07/2022,15:19:25,N/A,"radheshyam, krishna, merovrindavan, vrindavan, bakebihari, lordkrishna, vrindavandham, lordkrishna, gokul, radheradhe, krishnalove, radharaman, harihari",#radheshyam #krishna #merovrindavan #vrindavan #bakebihari #lordkrishna #vrindavandham #lordkrishna #gokul #radheradhe #krishnalove #radharaman #harihari,GraphVideo,https://instagram.fdel45-1.fna.fbcdn.net/v/t51.2885-15/292184784_383672907080314_949263025783851763_n.jpg?stp=dst-jpg_e15_tt6&efg=eyJ2ZW5jb2RlX3RhZyI6ImltYWdlX3VybGdlbi4xMTI1eDIwMDAuc2RyLmYzNjMyOS5kZWZhdWx0X2NvdmVyX2ZyYW1lIn0&_nc_ht=instagram.fdel45-1.fna.fbcdn.net&_nc_cat=110&_nc_ohc=9kHTiK3PYOQQ7kNvgFYssg2&_nc_gid=c25a31c071874b1b953f5972efd78129&edm=AEhyXUkBAAAA&ccb=7-5&ig_cache_key=Mjg3NjQ1OTMwODM2Nzk2Mjc4Ng%3D%3D.3-ccb7-5&oh=00_AYCyoxwG17iClzHGNmCCboTbo_KC9IMVv95__ePxrmFStA&oe=678E817A&_nc_sid=8f1549
12,2852327706318751891,03/06/2022,08:15:55,N/A,"niece, niecelove, family, familytime, babygirl, love, summer, summervibes, reels, reelsinstagram, happiness, instagood, trendingreels, explore","Memories to cherish from summer break‚ú®‚ù§Ô∏èüåªü¶Ñ
.
.
.
.
#niece #niecelove #family #familytime #babygirl #love #summer #summervibes #reels #reelsinstagram #happiness #instagood #trendingreels #explore",GraphVideo,https://instagram.fdel45-1.fna.fbcdn.net/v/t51.2885-15/285274565_988434275368464_4297849964621114894_n.jpg?stp=dst-jpg_e15_tt6&efg=eyJ2ZW5jb2RlX3RhZyI6ImltYWdlX3VybGdlbi43MjB4MTI4MC5zZHIuZjM2MzI5LmRlZmF1bHRfY292ZXJfZnJhbWUifQ&_nc_ht=instagram.fdel45-1.fna.fbcdn.net&_nc_cat=100&_nc_ohc=DvzbaKJvVgYQ7kNvgFJzPJJ&_nc_gid=c25a31c071874b1b953f5972efd78129&edm=AEhyXUkBAAAA&ccb=7-5&ig_cache_key=Mjg1MjMyNzcwNjMxODc1MTg5MQ%3D%3D.3-ccb7-5&oh=00_AYDSiLdoKmMSuTHzXD0ljle4h7wlQBBq443mszt1UUhJNQ&oe=678E65C5&_nc_sid=8f1549
13,2373554071553962488,11/08/2020,18:15:16,N/A,N/A,"If Love Being Rough With You, Be Rough With Love‚ù£",GraphSidecar,https://instagram.fdel45-1.fna.fbcdn.net/v/t51.29350-15/117480181_3225892787499033_2427257827674703743_n.jpg?stp=dst-jpg_e35_tt6&_nc_ht=instagram.fdel45-1.fna.fbcdn.net&_nc_cat=109&_nc_ohc=om6whFcWySAQ7kNvgGAfcrG&_nc_gid=5b37ab8d271c43169390afceef86ec6b&edm=AEhyXUkBAAAA&ccb=7-5&ig_cache_key=MjM3MzU1NDA2ODg2MTIxMzk1Nw%3D%3D.3-ccb7-5&oh=00_AYAxE9pHssexXidC_Q2FKRmN4XcEvpdg-u9ZCSngyUD_ug&oe=678E5178&_nc_sid=8f1549
14,2340145443960467230,26/06/2020,15:58:17,N/A,N/A,I decide my vibe üî•,GraphSidecar,https://instagram.fdel45-1.fna.fbcdn.net/v/t51.2885-15/106296710_270045967543140_7003918449955402701_n.jpg?stp=dst-jpg_e35_tt6&_nc_ht=instagram.fdel45-1.fna.fbcdn.net&_nc_cat=100&_nc_ohc=ssxXiVfj20EQ7kNvgEVa6gW&_nc_gid=5b37ab8d271c43169390afceef86ec6b&edm=AEhyXUkBAAAA&ccb=7-5&ig_cache_key=MjM0MDE0NTQ0MDA1OTU3NjY3NA%3D%3D.3-ccb7-5&oh=00_AYDkTu4H-noa5mwbivu-VsLU1W1Qk9g5OBitVBQmp4w6Kg&oe=678E5F36&_nc_sid=8f1549
15,2337923563702518198,23/06/2020,14:23:48,N/A,N/A,Keep it simple üòâ,GraphSidecar,https://instagram.fdel45-1.fna.fbcdn.net/v/t51.2885-15/105296733_2642289182708953_6594980291254092005_n.jpg?stp=dst-jpg_e35_tt6&_nc_ht=instagram.fdel45-1.fna.fbcdn.net&_nc_cat=101&_nc_ohc=Vy0DhKCqhLgQ7kNvgFP8S89&_nc_gid=5b37ab8d271c43169390afceef86ec6b&edm=AEhyXUkBAAAA&ccb=7-5&ig_cache_key=MjMzNzkyMzU1OTQyNDMzMjQ5Mg%3D%3D.3-ccb7-5&oh=00_AYASVdqjKGbnH5zFY3N0qV_Ed8maOPPaSgTdsJY6Dl-new&oe=678E5035&_nc_sid=8f1549
16,2336457277596412563,21/06/2020,13:50:33,N/A,N/A,A positive attitude changes everything ‚ö°,GraphSidecar,https://instagram.fdel45-1.fna.fbcdn.net/v/t51.2885-15/104023519_148377963440985_498487207173652437_n.jpg?stp=dst-jpg_e35_tt6&_nc_ht=instagram.fdel45-1.fna.fbcdn.net&_nc_cat=109&_nc_ohc=r2EJRvQGPIYQ7kNvgHGsiel&_nc_gid=5b37ab8d271c43169390afceef86ec6b&edm=AEhyXUkBAAAA&ccb=7-5&ig_cache_key=MjMzNjQ1NzI3NDAwNjE2ODI4NQ%3D%3D.3-ccb7-5&oh=00_AYC8tiUKk-9L9OaUi8ROCQnz7eSN3ZfbzmapBe1qZO33BA&oe=678E814F&_nc_sid=8f1549
17,2249696433018120557,22/02/2020,20:52:15,N/A,N/A,"When in Doubt, Wear Redüòé",GraphImage,https://instagram.fdel45-1.fna.fbcdn.net/v/t51.2885-15/85127270_661524504680317_5505701984223204161_n.jpg?stp=dst-jpg_e35_tt6&efg=eyJ2ZW5jb2RlX3RhZyI6ImltYWdlX3VybGdlbi4xMDgweDEwODAuc2RyLmYyODg1LmRlZmF1bHRfaW1hZ2UifQ&_nc_ht=instagram.fdel45-1.fna.fbcdn.net&_nc_cat=101&_nc_ohc=uEB6NdqjeY4Q7kNvgH3Fbu6&_nc_gid=5b37ab8d271c43169390afceef86ec6b&edm=AEhyXUkBAAAA&ccb=7-5&ig_cache_key=MjI0OTY5NjQzMzAxODEyMDU1Nw%3D%3D.3-ccb7-5&oh=00_AYAWeZtrIosgo97bN0iKyPP8cJ6vcTG3YFm14GZd0EikmQ&oe=678E7DEE&_nc_sid=8f1549
18,2249688164258165133,22/02/2020,20:35:49,N/A,N/A,"Ashes to Ashes , Dust to Dust  when life's a bitch , Hokkah is must üïâ",GraphImage,https://instagram.fdel45-1.fna.fbcdn.net/v/t51.2885-15/87227216_232280591267613_8678260473755811120_n.jpg?stp=dst-jpg_e35_tt6&efg=eyJ2ZW5jb2RlX3RhZyI6ImltYWdlX3VybGdlbi4xMDgweDEwODAuc2RyLmYyODg1LmRlZmF1bHRfaW1hZ2UifQ&_nc_ht=instagram.fdel45-1.fna.fbcdn.net&_nc_cat=109&_nc_ohc=ui-Gz0Crp4EQ7kNvgHhUIBL&_nc_gid=5b37ab8d271c43169390afceef86ec6b&edm=AEhyXUkBAAAA&ccb=7-5&ig_cache_key=MjI0OTY4ODE2NDI1ODE2NTEzMw%3D%3D.3-ccb7-5&oh=00_AYCFvQcgDfDvx-MXlJDem-IP5txIPlvRXfd0NuhBRDHa9w&oe=678E6009&_nc_sid=8f1549
19,2186579539742940434,27/11/2019,18:50:15,N/A,N/A,"Khamoshiyaan Bewajah Nahi Hoti  Kuch Dard Hi Ese Hote Hai
Joh Awaaz Cheen Liya Karte Hain",GraphImage,https://instagram.fdel45-1.fna.fbcdn.net/v/t51.2885-15/75375730_721961624963839_8090231677602840151_n.jpg?stp=dst-jpg_e35_tt6&efg=eyJ2ZW5jb2RlX3RhZyI6ImltYWdlX3VybGdlbi4xMDgweDEzNTAuc2RyLmYyODg1LmRlZmF1bHRfaW1hZ2UifQ&_nc_ht=instagram.fdel45-1.fna.fbcdn.net&_nc_cat=107&_nc_ohc=Mn1izikUrkMQ7kNvgEzRICe&_nc_gid=5b37ab8d271c43169390afceef86ec6b&edm=AEhyXUkBAAAA&ccb=7-5&ig_cache_key=MjE4NjU3OTUzOTc0Mjk0MDQzNA%3D%3D.3-ccb7-5&oh=00_AYAtw-8CiW3hGLWjKlKayvLFf7wUL72s5NG8qWQdwxBn7A&oe=678E7414&_nc_sid=8f1549
20,2155375253138743213,15/10/2019,17:32:54,N/A,N/A,N/A,GraphImage,https://instagram.fdel45-1.fna.fbcdn.net/v/t51.2885-15/70979595_222589482060312_2449214835349289549_n.jpg?stp=dst-jpg_e35_tt6&efg=eyJ2ZW5jb2RlX3RhZyI6ImltYWdlX3VybGdlbi4xMDgweDU2NS5zZHIuZjI4ODUuZGVmYXVsdF9pbWFnZSJ9&_nc_ht=instagram.fdel45-1.fna.fbcdn.net&_nc_cat=100&_nc_ohc=LXvcq1g-1t4Q7kNvgGwNR_I&_nc_gid=5b37ab8d271c43169390afceef86ec6b&edm=AEhyXUkBAAAA&ccb=7-5&ig_cache_key=MjE1NTM3NTI1MzEzODc0MzIxMw%3D%3D.3-ccb7-5&oh=00_AYD_9xfVEECa4_U9R9BuAiskK3Tuxp0SF9JtYESYsnFi6A&oe=678E519B&_nc_sid=8f1549
21,2131958948239001370,13/09/2019,10:08:53,N/A,N/A,"It's You That I Adore , Else I Could Also  Make Girls Fall Like Dominoes!!üòéüôà",GraphImage,https://instagram.fdel45-1.fna.fbcdn.net/v/t51.2885-15/67850077_424978921349392_3667383365823762768_n.jpg?stp=dst-jpg_e35_tt6&efg=eyJ2ZW5jb2RlX3RhZyI6ImltYWdlX3VybGdlbi4xMDI0eDEwMjQuc2RyLmYyODg1LmRlZmF1bHRfaW1hZ2UifQ&_nc_ht=instagram.fdel45-1.fna.fbcdn.net&_nc_cat=104&_nc_ohc=QfRmYaiD3dwQ7kNvgGAxpkt&_nc_gid=5b37ab8d271c43169390afceef86ec6b&edm=AEhyXUkBAAAA&ccb=7-5&ig_cache_key=MjEzMTk1ODk0ODIzOTAwMTM3MA%3D%3D.3-ccb7-5&oh=00_AYBw2RUKSIfcecFFf-OEkGnL_9n2wY_LbGGUcStE0pCeKQ&oe=678E5331&_nc_sid=8f1549
22,2102444097825643682,03/08/2019,16:48:08,N/A,sisterlove,"Everything I AM, you help me be ‚ù§Ô∏è#sisterlove",GraphSidecar,https://instagram.fdel45-1.fna.fbcdn.net/v/t51.2885-15/66941315_2145458105577249_8438775032785144951_n.jpg?stp=dst-jpg_e35_tt6&_nc_ht=instagram.fdel45-1.fna.fbcdn.net&_nc_cat=109&_nc_ohc=YpJyM4f8gr0Q7kNvgEixsi_&_nc_gid=5b37ab8d271c43169390afceef86ec6b&edm=AEhyXUkBAAAA&ccb=7-5&ig_cache_key=MjEwMjQ0NDA5NTA1NzI2OTEyNg%3D%3D.3-ccb7-5&oh=00_AYDjirKTlDvDHv4AfZGYWLDxzOcTYxbemEeYUsStAb62mw&oe=678E823D&_nc_sid=8f1549
23,1960213219320499662,19/01/2019,11:00:46,N/A,"agra, tajmahal, traveldairies","Karma has no menu, you get served what u deservedüòéüî•üî•#agra #tajmahal #traveldairies",GraphSidecar,https://instagram.fdel45-1.fna.fbcdn.net/v/t51.2885-15/49697380_2287422048194544_1996890489490749267_n.jpg?stp=dst-jpg_e35_tt6&_nc_ht=instagram.fdel45-1.fna.fbcdn.net&_nc_cat=100&_nc_ohc=-aOPO8XD5u4Q7kNvgEShluM&_nc_gid=5b37ab8d271c43169390afceef86ec6b&edm=AEhyXUkBAAAA&ccb=7-5&ig_cache_key=MTk2MDIxMzIxNDEzNjIzNTAzOQ%3D%3D.3-ccb7-5&oh=00_AYAEhL3XSPpr_HozOMZIZ2qOYWp8gvyMMtemWPWyw464ZQ&oe=678E4FD0&_nc_sid=8f1549
24,1949938565100062595,05/01/2019,06:46:52,N/A,N/A,Radhe Radheüìøüïâ,GraphSidecar,https://instagram.fdel45-1.fna.fbcdn.net/v/t51.2885-15/49363221_155417092008417_6173055103979718338_n.jpg?stp=dst-jpg_e35_tt6&_nc_ht=instagram.fdel45-1.fna.fbcdn.net&_nc_cat=109&_nc_ohc=o9yrTj5xyVsQ7kNvgH6UM8E&_nc_gid=5b37ab8d271c43169390afceef86ec6b&edm=AEhyXUkBAAAA&ccb=7-5&ig_cache_key=MTk0OTkzODU2MjAwNDQ3Mzc0MA%3D%3D.3-ccb7-5&oh=00_AYB03XgUvdfwoEuiZNJ1dzw0ADvRbqEIby5tD9zXVMEzZw&oe=678E6908&_nc_sid=8f1549
25,1945728295892914503,30/12/2018,11:21:49,N/A,N/A,"Happy b'day bro..üòé
G.B.U.‚ù§",GraphImage,https://instagram.fdel45-1.fna.fbcdn.net/v/t51.2885-15/47250572_776672499378506_7419301543553603068_n.jpg?stp=dst-jpg_e35_tt6&efg=eyJ2ZW5jb2RlX3RhZyI6ImltYWdlX3VybGdlbi43MjB4OTAwLnNkci5mMjg4NS5kZWZhdWx0X2ltYWdlIn0&_nc_ht=instagram.fdel45-1.fna.fbcdn.net&_nc_cat=102&_nc_ohc=x7fXtkUbcy8Q7kNvgH8Decj&_nc_gid=46a4136a4d274391bdd553f962c90607&edm=AEhyXUkBAAAA&ccb=7-5&ig_cache_key=MTk0NTcyODI5NTg5MjkxNDUwMw%3D%3D.3-ccb7-5&oh=00_AYA-7eTR8h4TiCxQT80mhn0mbciRQR19qs5KFSq0uZrdtg&oe=678E52D4&_nc_sid=8f1549
26,1945187873630034487,29/12/2018,17:28:06,N/A,N/A,"‡§Æ‡•á‡§∞‡•Ä ‡§¶‡•Å‡§®‡§ø‡§Ø‡§æ, ‡§Æ‡•á‡§∞‡§æ ‡§∞‡§¨
‡§Æ‡•á‡§∞‡§æ ‡§ó‡•Å‡§Æ‡§æ‡§®, ‡§Æ‡•á‡§∞‡§æ ‡§∏‡§¨ ‡§ï‡•Å‡§õ, 
‡§¨‡§∏ ‡§§‡•Å‡§Æ‡§∏‡•á ‡§π‡•Ä‡•§‚ù§",GraphSidecar,https://instagram.fdel45-1.fna.fbcdn.net/v/t51.2885-15/47489006_305134056795214_189453557600540661_n.jpg?stp=dst-jpg_e35_tt6&_nc_ht=instagram.fdel45-1.fna.fbcdn.net&_nc_cat=110&_nc_ohc=0w-PYQWQ6h0Q7kNvgGNxyS_&_nc_gid=46a4136a4d274391bdd553f962c90607&edm=AEhyXUkBAAAA&ccb=7-5&ig_cache_key=MTk0NTE4Nzg2ODg1NzAwNDIwNA%3D%3D.3-ccb7-5&oh=00_AYC8ztOvFtphNEpTAVE91Fo1lu0I6JMf1lhLHb9Slz8XLA&oe=678E4C4E&_nc_sid=8f1549
27,1831819349129493750,26/07/2018,07:25:04,N/A,N/A,after a long time ! one really required day outüë£‚ù§üë£,GraphImage,https://instagram.fdel45-1.fna.fbcdn.net/v/t51.2885-15/37635719_375606579633903_7576375228436054016_n.jpg?stp=dst-jpg_e35_tt6&efg=eyJ2ZW5jb2RlX3RhZyI6ImltYWdlX3VybGdlbi44MTB4MTAxMi5zZHIuZjI4ODUuZGVmYXVsdF9pbWFnZSJ9&_nc_ht=instagram.fdel45-1.fna.fbcdn.net&_nc_cat=103&_nc_ohc=4IgQSnbrbwoQ7kNvgG1gMGv&_nc_gid=46a4136a4d274391bdd553f962c90607&edm=AEhyXUkBAAAA&ccb=7-5&ig_cache_key=MTgzMTgxOTM0OTEyOTQ5Mzc1MA%3D%3D.3-ccb7-5&oh=00_AYCCwONCumkYluxsDT-f0VlJl3_gjPNDWMwK0m1EmCbE0Q&oe=678E650A&_nc_sid=8f1549
28,1774822703745644608,08/05/2018,16:02:55,N/A,N/A,"We all are like RAINDROPS...waiting to touch each other's life. üåà
Nevertheless,  we are DREAMERS.... dreaming REALITIES! üí´",GraphSidecar,https://instagram.fdel45-1.fna.fbcdn.net/v/t51.2885-15/30855873_2284244968469184_7111523041019953152_n.jpg?stp=dst-jpg_e35_tt6&_nc_ht=instagram.fdel45-1.fna.fbcdn.net&_nc_cat=100&_nc_ohc=S3g9nU_Arh8Q7kNvgFSt-o-&_nc_gid=46a4136a4d274391bdd553f962c90607&edm=AEhyXUkBAAAA&ccb=7-5&ig_cache_key=MTc3NDgyMDUwNTczODM4MDM4OA%3D%3D.3-ccb7-5&oh=00_AYCQiXJitd_6JT5ff7SgsRDHiSQxK7QUUb4FwO4zke_bxQ&oe=678E5314&_nc_sid=8f1549
29,1713965331686710621,13/02/2018,16:50:11,N/A,N/A,"True Love Is a Glimpse Of heaven...
It Is Inspiring n Uplifting just lyk uhh!!üíì",GraphSidecar,https://instagram.fdel45-1.fna.fbcdn.net/v/t51.2885-15/27574655_750056018535422_335588747141709824_n.jpg?stp=dst-jpg_e35_tt6&_nc_ht=instagram.fdel45-1.fna.fbcdn.net&_nc_cat=102&_nc_ohc=t2Xa3L_m9I0Q7kNvgGRBfW-&_nc_gid=46a4136a4d274391bdd553f962c90607&edm=AEhyXUkBAAAA&ccb=7-5&ig_cache_key=MTcxMzk2MzE3Mzg4NTA2NTY3NA%3D%3D.3-ccb7-5&oh=00_AYBYhNlbeCWhfkGZx3WvgOyVi6H9zOVRdexmKcdQ5uPb8Q&oe=678E6DE5&_nc_sid=8f1549
30,1679048917926804719,27/12/2017,12:37:30,N/A,N/A,They say good things take time.... Thats why I'm always late....üî´üòé,GraphImage,https://instagram.fdel45-1.fna.fbcdn.net/v/t51.2885-15/25015395_1580809215339412_2591958328720490496_n.jpg?stp=dst-jpg_e35_tt6&efg=eyJ2ZW5jb2RlX3RhZyI6ImltYWdlX3VybGdlbi4xMDgweDEzNTAuc2RyLmYyODg1LmRlZmF1bHRfaW1hZ2UifQ&_nc_ht=instagram.fdel45-1.fna.fbcdn.net&_nc_cat=104&_nc_ohc=WVMomLZcLPcQ7kNvgFJh7jL&_nc_gid=46a4136a4d274391bdd553f962c90607&edm=AEhyXUkBAAAA&ccb=7-5&ig_cache_key=MTY3OTA0ODkxNzkyNjgwNDcxOQ%3D%3D.3-ccb7-5&oh=00_AYACz62NqJUYYLSdw8tOhemNMgeHqUVH6r8grLZWBhW_VA&oe=678E4F22&_nc_sid=8f1549
31,1554229330065192975,08/07/2017,07:23:15,N/A,triund,"üíùüíûAnd if you feel you'r sinking,I will jump right over into cold, cold water for youüòçüòçüíó‚ù£‚ù£üíù #Triund diaries# Himachal # treking#",GraphSidecar,https://instagram.fdel45-1.fna.fbcdn.net/v/t51.2885-15/19765130_655330271329175_3909596609427537920_n.jpg?stp=dst-jpg_e35_tt6&_nc_ht=instagram.fdel45-1.fna.fbcdn.net&_nc_cat=111&_nc_ohc=UInNHxU7wBgQ7kNvgEQ_UP3&_nc_gid=46a4136a4d274391bdd553f962c90607&edm=AEhyXUkBAAAA&ccb=7-5&ig_cache_key=MTU1NDIyNTc5NjI0NjUzOTgwNA%3D%3D.3-ccb7-5&oh=00_AYC81c5tCG5zx3ugQyGrEG8rsaLR8Jvz5-A1c7P_aiouqg&oe=678E4E7B&_nc_sid=8f1549
32,1438617780832032422,29/01/2017,19:03:45,N/A,"throwback, haridwar, √ßleaned",#Throwback#haridwar# friends #√ßleaned # ‚ö´,GraphImage,https://instagram.fdel45-1.fna.fbcdn.net/v/t51.2885-15/16122577_464706630584701_3246251327310790656_n.jpg?stp=dst-jpg_e35_tt6&efg=eyJ2ZW5jb2RlX3RhZyI6ImltYWdlX3VybGdlbi4xMDgweDEwODAuc2RyLmYyODg1LmRlZmF1bHRfaW1hZ2UifQ&_nc_ht=instagram.fdel45-1.fna.fbcdn.net&_nc_cat=101&_nc_ohc=dPYvJhS1DDwQ7kNvgH-5oPZ&_nc_gid=46a4136a4d274391bdd553f962c90607&edm=AEhyXUkBAAAA&ccb=7-5&ig_cache_key=MTQzODYxNzc4MDgzMjAzMjQyMg%3D%3D.3-ccb7-5&oh=00_AYAFFIAoDs51a1uC0MYsv5gtQpzYCRka3I3YHF6PxxAPnA&oe=678E6212&_nc_sid=8f1549
33,1387569784497785347,20/11/2016,08:40:29,N/A,"freshers, amity",‚è™‚èÆThrowback üîô  #freshers 2k16#  #AMITY#,GraphImage,https://instagram.fdel45-1.fna.fbcdn.net/v/t51.2885-15/14701108_1251734844848843_2375324434622840832_n.jpg?stp=dst-jpg_e35_tt6&efg=eyJ2ZW5jb2RlX3RhZyI6ImltYWdlX3VybGdlbi41OTF4NTkyLnNkci5mMjg4NS5kZWZhdWx0X2ltYWdlIn0&_nc_ht=instagram.fdel45-1.fna.fbcdn.net&_nc_cat=111&_nc_ohc=rNd1QmXVDr0Q7kNvgFrsI2I&_nc_gid=46a4136a4d274391bdd553f962c90607&edm=AEhyXUkBAAAA&ccb=7-5&ig_cache_key=MTM4NzU2OTc4NDQ5Nzc4NTM0Nw%3D%3D.3-ccb7-5&oh=00_AYAReMu0w8kt8B8Mfd5BNSqCWGFQYKVHM9I7wWrYjkq8-A&oe=678E69CD&_nc_sid=8f1549
34,1323988353247285876,24/08/2016,15:15:32,N/A,amity,Fresher's 2k16#Amity#,GraphImage,https://instagram.fdel45-1.fna.fbcdn.net/v/t51.2885-15/14026705_147482772362224_1454664621_n.jpg?stp=dst-jpg_e35_tt6&efg=eyJ2ZW5jb2RlX3RhZyI6ImltYWdlX3VybGdlbi44NTJ4MTA2NS5zZHIuZjI4ODUuZGVmYXVsdF9pbWFnZSJ9&_nc_ht=instagram.fdel45-1.fna.fbcdn.net&_nc_cat=104&_nc_ohc=A8kGxGGmpUUQ7kNvgHP6p2s&_nc_gid=46a4136a4d274391bdd553f962c90607&edm=AEhyXUkBAAAA&ccb=7-5&ig_cache_key=MTMyMzk4ODM1MzI0NzI4NTg3Ng%3D%3D.3-ccb7-5&oh=00_AYB0Ct5xPKSRKCAVDccthKN00mYjTP5CRLSxcRiwr6Vscg&oe=678E7AC9&_nc_sid=8f1549
35,1307111351449956624,01/08/2016,08:23:57,N/A,N/A,N/A,GraphImage,https://instagram.fdel45-1.fna.fbcdn.net/v/t51.2885-15/13736948_178702085881616_1166264840_n.jpg?stp=dst-jpg_e35_tt6&efg=eyJ2ZW5jb2RlX3RhZyI6ImltYWdlX3VybGdlbi43MjB4NzIwLnNkci5mMjg4NS5kZWZhdWx0X2ltYWdlIn0&_nc_ht=instagram.fdel45-1.fna.fbcdn.net&_nc_cat=108&_nc_ohc=zOIHJgXysHcQ7kNvgFsCzO9&_nc_gid=46a4136a4d274391bdd553f962c90607&edm=AEhyXUkBAAAA&ccb=7-5&ig_cache_key=MTMwNzExMTM1MTQ0OTk1NjYyNA%3D%3D.3-ccb7-5&oh=00_AYBByV2m5Jsr_PHiwvJKqh2wvV4eAykxcAyvwCpzpr8qVw&oe=678E5503&_nc_sid=8f1549
